Difference,File Name
0 days 23:28:49,gogs.js
3 days 10:09:15,gogs.js
1 days 14:03:48,gogs.js
1 days 13:41:14,gogs.js
4 days 16:52:32,gogs.js
7 days 07:32:16,gogs.js
1 days 09:25:12,gogs.js
8 days 21:31:32,gogs.js
1 days 21:02:10,gogs.js
2 days 21:21:37,gogs.js
0 days 05:17:51,gogs.js
2 days 00:12:33,gogs.js
-8 days +11:56:31,gogs.js
10 days 22:17:13,gogs.js
3 days 11:45:58,gogs.js
7 days 00:32:24,gogs.js
7 days 19:12:25,gogs.js
0 days 23:00:07,gogs.js
0 days 00:03:16,gogs.js
2 days 08:01:48,gogs.js
-1 days +21:40:41,gogs.js
0 days 14:38:12,gogs.js
0 days 12:21:39,gogs.js
1 days 03:04:55,gogs.js
1 days 17:14:03,gogs.js
11 days 02:48:23,gogs.js
1 days 04:25:55,gogs.js
31 days 04:42:04,gogs.js
0 days 19:43:28,gogs.js
19 days 14:23:34,gogs.js
5 days 04:33:45,gogs.js
2 days 19:08:17,gogs.js
0 days 00:03:55,gogs.js
11 days 11:03:00,gogs.js
41 days 05:02:04,gogs.js
2 days 15:06:41,gogs.js
0 days 19:58:57,gogs.js
0 days 14:56:33,gogs.js
13 days 14:03:18,gogs.js
0 days 10:16:25,gogs.js
16 days 04:03:26,gogs.js
46 days 22:46:44,gogs.js
75 days 11:10:06,gogs.js
0 days 18:38:53,gogs.js
0 days 17:29:52,gogs.js
14 days 15:32:17,gogs.js
0 days 11:52:42,gogs.js
0 days 04:20:02,gogs.js
0 days 02:10:53,gogs.js
9 days 18:28:27,gogs.js
0 days 03:45:06,gogs.js
1 days 17:57:11,gogs.js
0 days 03:01:52,gogs.js
0 days 01:56:50,gogs.js
1 days 02:25:03,gogs.js
1 days 23:55:03,gogs.js
0 days 00:29:09,gogs.js
0 days 16:10:39,gogs.js
0 days 07:22:36,gogs.js
0 days 02:18:45,gogs.js
0 days 15:47:45,gogs.js
0 days 02:05:49,gogs.js
0 days 02:49:26,gogs.js
-1 days +18:50:58,gogs.js
0 days 20:05:53,gogs.js
0 days 05:09:46,gogs.js
0 days 05:30:40,gogs.js
1 days 23:57:03,gogs.js
1 days 01:21:00,gogs.js
0 days 15:20:37,gogs.js
0 days 02:13:19,gogs.js
3 days 08:33:05,gogs.js
0 days 00:46:32,gogs.js
0 days 19:38:41,gogs.js
0 days 05:16:31,gogs.js
0 days 19:47:02,gogs.js
6 days 22:47:44,gogs.js
0 days 00:52:36,gogs.js
0 days 14:25:15,gogs.js
0 days 09:12:08,gogs.js
1 days 00:46:13,gogs.js
0 days 02:59:33,gogs.js
1 days 10:14:32,gogs.js
0 days 03:33:57,gogs.js
0 days 16:27:13,gogs.js
3 days 11:01:42,gogs.js
0 days 17:31:42,gogs.js
0 days 00:02:58,gogs.js
0 days 00:03:59,gogs.js
0 days 16:39:23,gogs.js
0 days 00:00:00,gogs.js
0 days 03:59:06,gogs.js
0 days 05:34:51,gogs.js
4 days 00:40:19,gogs.js
2 days 16:40:10,gogs.js
0 days 01:15:30,gogs.js
0 days 01:07:11,gogs.js
4 days 18:03:59,gogs.js
14 days 13:40:05,gogs.js
27 days 01:11:12,gogs.js
12 days 19:09:40,gogs.js
0 days 02:25:11,gogs.js
1 days 17:21:09,gogs.js
0 days 00:05:57,gogs.js
0 days 16:22:16,gogs.js
2 days 21:44:04,gogs.js
4 days 23:14:04,gogs.js
0 days 00:00:00,gogs.js
0 days 00:57:11,gogs.js
1 days 11:17:38,gogs.js
2 days 06:23:27,gogs.js
1 days 05:40:13,gogs.js
6 days 13:10:37,gogs.js
1 days 10:07:59,gogs.js
0 days 12:14:59,gogs.js
4 days 02:50:41,gogs.js
1 days 03:37:12,gogs.js
2 days 22:03:07,gogs.js
0 days 12:09:11,gogs.js
49 days 10:26:04,gogs.js
0 days 03:22:19,gogs.js
0 days 00:49:23,gogs.js
0 days 02:05:54,gogs.js
29 days 22:30:54,gogs.js
2 days 03:32:53,gogs.js
0 days 17:16:51,gogs.js
25 days 02:19:58,gogs.js
20 days 02:16:48,gogs.js
79 days 08:39:41,gogs.js
13 days 07:11:17,gogs.js
4 days 12:11:51,gogs.js
0 days 07:59:08,gogs.js
4 days 14:39:18,gogs.js
7 days 09:35:04,gogs.js
2 days 09:33:33,gogs.js
1 days 09:12:48,gogs.js
0 days 20:41:21,gogs.js
2 days 23:12:51,gogs.js
1 days 21:24:18,gogs.js
0 days 17:03:29,gogs.js
0 days 06:34:00,gogs.js
6 days 22:50:56,gogs.js
3 days 04:06:41,gogs.js
2 days 12:56:02,gogs.js
0 days 05:40:54,gogs.js
118 days 15:18:40,gogs.js
48 days 15:12:40,gogs.js
3 days 12:20:50,gogs.js
0 days 07:06:37,gogs.js
0 days 14:30:08,gogs.js
2 days 03:28:57,gogs.js
3 days 02:08:40,gogs.js
0 days 17:57:10,gogs.js
19 days 02:12:51,gogs.js
0 days 02:03:28,gogs.js
1 days 05:27:12,gogs.js
0 days 02:10:53,gogs.js
2 days 17:28:00,gogs.js
2 days 22:35:45,gogs.js
0 days 22:08:00,gogs.js
1 days 01:57:09,gogs.js
4 days 07:11:08,gogs.js
8 days 17:23:24,gogs.js
1 days 01:45:51,gogs.js
0 days 02:58:52,gogs.js
52 days 01:33:39,gogs.js
377 days 16:15:52,gogs.js
0 days 05:31:58,gogs.js
15 days 00:10:05,gogs.js
163 days 01:41:33,gogs.js
11 days 13:51:28,gogs.js
325 days 11:33:38,gogs.js
83 days 20:58:22,gogs.js
0 days 02:06:26,gogs.js
0 days 00:05:51,gogs.js
16 days 23:14:37,gogs.js
11 days 00:04:02,gogs.js
1 days 01:00:09,gogs.js
27 days 19:24:40,gogs.js
11 days 02:56:35,gogs.js
164 days 13:05:12,gogs.js
