Project,Count
node,113
typescript,65
react,61
v8,55
matomo,53
WordPress,45
gitbucket,43
three.js,37
brackets,33
discourse,28
angular.js,25
meteor,24
atom,19
sharelatex,17
vue,17
emscripten,15
winjs,15
lantern,15
ui-router,13
Semantic-UI,12
webpack,12
pdfkit,12
react-native,12
material-ui,9
ZeroNet,9
jquery,9
syncthing,8
ex_admin,8
satellizer,8
SignalR,8
mono,8
vscode,7
moment,7
gitlabhq,7
codecombat,7
reddit,7
shumway,6
netdata,6
backbone,6
esprima,6
gogs,5
bootstrap,5
Chart.js,5
Opserver,4
foundation-sites,4
coffeescript,4
protobuf,3
rails,3
prometheus,3
nw.js,3
rethinkdb,3
jQuery-File-Upload,3
sentry,3
ServiceStack,3
django,3
CRYENGINE,3
botframework-sdk,3
bacon.js,3
Babylon.js,3
ant-design,3
sailor,2
openface,2
yii2,2
trix,2
zxcvbn,2
huginn,2
create-react-app,2
h2o,2
linkerd,2
MaterialDesignInXamlToolkit,2
materialize,2
marathon,2
chroma.js,2
consul,1
spray,1
spring-boot,1
SwitchyOmega,1
angular,1
grafana,1
gitit,1
ghcjs,1
gatling,1
fresco,1
visdom,1
arrow,1
haste-compiler,1
yarn,1
electron,1
bootstrap-sass,1
socket.io,1
ng-bootstrap,1
Hero,1
Nancy,1
phabricator,1
php-src,1
pivottable,1
postgraphile,1
morris.js,1
angular-cli,1
Quick,1
re-frame,1
lila,1
reveal.js,1
rust,1
RxSwift,1
lein-figwheel,1
Kitura,1
JSPatch,1
ionic,1
impress.js,1
Alamofire,1
